é …ç›®,1æœˆ,2æœˆ,3æœˆ,4æœˆ,5æœˆ,6æœˆ,7æœˆ,8æœˆ,9æœˆ,10æœˆ,11æœˆ,12æœˆ
ã€åºƒå‘Šè²»ã€‘,,,,,,,,,,,,
Instagramåºƒå‘Šè²»,,,,,,,,,,,,
æµ·å¤–ã‚µãƒ¼ãƒãƒ¼è¬ç¤¼,300000,300000,300000,300000,300000,300000,300000,300000,300000,300000,300000,300000
åºƒå‘Šè²»åˆè¨ˆ,=SUM(B3:B4),=SUM(C3:C4),=SUM(D3:D4),=SUM(E3:E4),=SUM(F3:F4),=SUM(G3:G4),=SUM(H3:H4),=SUM(I3:I4),=SUM(J3:J4),=SUM(K3:K4),=SUM(L3:L4),=SUM(M3:M4)
ã€æˆæžœã€‘,,,,,,,,,,,,
æ–°è¦é¡§å®¢æ•°,,,,,,,,,,,,
åˆå›žå–å¼•ç·é¡,,,,,,,,,,,,
ã€è¨ˆç®—çµæžœã€‘,,,,,,,,,,,,
CAC,=IF(B7>0,B5/B7,"-"),=IF(C7>0,C5/C7,"-"),=IF(D7>0,D5/D7,"-"),=IF(E7>0,E5/E7,"-"),=IF(F7>0,F5/F7,"-"),=IF(G7>0,G5/G7,"-"),=IF(H7>0,H5/H7,"-"),=IF(I7>0,I5/I7,"-"),=IF(J7>0,J5/J7,"-"),=IF(K7>0,K5/K7,"-"),=IF(L7>0,L5/L7,"-"),=IF(M7>0,M5/M7,"-")
ROAS,=IF(B5>0,B8/B5,"-"),=IF(C5>0,C8/C5,"-"),=IF(D5>0,D8/D5,"-"),=IF(E5>0,E8/E5,"-"),=IF(F5>0,F8/F5,"-"),=IF(G5>0,G8/G5,"-"),=IF(H5>0,H8/H5,"-"),=IF(I5>0,I8/I5,"-"),=IF(J5>0,J8/J5,"-"),=IF(K5>0,K8/K5,"-"),=IF(L5>0,L8/L5,"-"),=IF(M5>0,M8/M5,"-")
CACã‚¢ãƒ©ãƒ¼ãƒˆ,=IF(B10="-","-",IF(B10<=12000,"ðŸŸ¢è‰¯å¥½",IF(B10<=16000,"ðŸŸ¡æ³¨æ„","ðŸ”´è¦æ”¹å–„"))),=IF(C10="-","-",IF(C10<=12000,"ðŸŸ¢è‰¯å¥½",IF(C10<=16000,"ðŸŸ¡æ³¨æ„","ðŸ”´è¦æ”¹å–„"))),=IF(D10="-","-",IF(D10<=12000,"ðŸŸ¢è‰¯å¥½",IF(D10<=16000,"ðŸŸ¡æ³¨æ„","ðŸ”´è¦æ”¹å–„"))),=IF(E10="-","-",IF(E10<=12000,"ðŸŸ¢è‰¯å¥½",IF(E10<=16000,"ðŸŸ¡æ³¨æ„","ðŸ”´è¦æ”¹å–„"))),=IF(F10="-","-",IF(F10<=12000,"ðŸŸ¢è‰¯å¥½",IF(F10<=16000,"ðŸŸ¡æ³¨æ„","ðŸ”´è¦æ”¹å–„"))),=IF(G10="-","-",IF(G10<=12000,"ðŸŸ¢è‰¯å¥½",IF(G10<=16000,"ðŸŸ¡æ³¨æ„","ðŸ”´è¦æ”¹å–„"))),=IF(H10="-","-",IF(H10<=12000,"ðŸŸ¢è‰¯å¥½",IF(H10<=16000,"ðŸŸ¡æ³¨æ„","ðŸ”´è¦æ”¹å–„"))),=IF(I10="-","-",IF(I10<=12000,"ðŸŸ¢è‰¯å¥½",IF(I10<=16000,"ðŸŸ¡æ³¨æ„","ðŸ”´è¦æ”¹å–„"))),=IF(J10="-","-",IF(J10<=12000,"ðŸŸ¢è‰¯å¥½",IF(J10<=16000,"ðŸŸ¡æ³¨æ„","ðŸ”´è¦æ”¹å–„"))),=IF(K10="-","-",IF(K10<=12000,"ðŸŸ¢è‰¯å¥½",IF(K10<=16000,"ðŸŸ¡æ³¨æ„","ðŸ”´è¦æ”¹å–„"))),=IF(L10="-","-",IF(L10<=12000,"ðŸŸ¢è‰¯å¥½",IF(L10<=16000,"ðŸŸ¡æ³¨æ„","ðŸ”´è¦æ”¹å–„"))),=IF(M10="-","-",IF(M10<=12000,"ðŸŸ¢è‰¯å¥½",IF(M10<=16000,"ðŸŸ¡æ³¨æ„","ðŸ”´è¦æ”¹å–„")))
